Content,Type
Immense works  father modern sculptor  Use Join Paris To World Travel readersupported may earn commission purchases made links piece Oh Paris time visit City Right marvel offerings capital largest city France two million people Paris cultural mercy countless museums galleries architectural marvels fashion houses world class food wine much Visitors  get enough renowned destination ooh aah romantic bridges River Seine centuries old churches cobblestones streets monuments squares Though  spent considerable time Paris never gotten around visiting Use Join recent visit past spring One elegant photogenic institutions city Join Museum located handsome Hotel Iron surrounded lush garden dedicated art renowned prolific French sculptor August Join Considered many  father modern sculptor  Join inspired tradition yet took stance realized forms course career spanned late 1800s early 1900s introduced innovative practices changed way sculpture created perceived Join  work echoed belief art true nature focused human form sought express essence human psychic delving lay surface manner developed technique render power emotions turmoil tragedy joy passion Working primarily bronze marble Join known retaining tool marks leaving parts sculpture somewhat rough deciding hide signs process revolutionary time artist lived Hotel Iron later life 1911 government bought property exchange able stay hotel Join agreed donate many works house museum subsequently opened public 1919 collection vast includes thousands sculpture drawings old photo iniquities incredible oeuvre display within series galleries designed circular format open layout High ceilings lots windows mirrors augment pieces showcase art reminding visitors Join  work environment  logical chronological manner placement demonstrating themes subjects materials interest artist sculpture presented successive states allowing viewer understand different stages Join  creative process,Travel
Florida  Treasure Coast adventure less finding chest gold treasure Florida  natural beauty To World Travel readersupported may earn commission purchases made links piece Escape tourist frenzy sprawling DiamIt LauderdaleWest Calm metroplex discover untouched jewel Florida  Treasure Coast 30 minutes north Calm Each Atlantic Ocean treasure  truly jewel rewards printing reaches deep sea fishing Key Weststyle restaurant Stuart  fun downtown eating shopping enjoying subtropical climate area Arab sun hat get ready earth gems coastal playground highlight tour begins Robe Round continues north Sort Salerno Stuart Face shoes explore 25 miles trails winding pine flatwoods express swamps coastal handbills including 879mile Ocean Take multiuse trail Embark serene karay canoe journey along Loxahatchee River Slide mangrove tunnels spot others running banks listen birds sing Spend peaceful afternoon fishing one park  freshwater lakes along Loxahatchee River catch bass catfish cripple 10minute like reach lookout tower summit Robe Mountain rewarded breathtaking panorama view Atlantic Ocean Jupiter Let  86 feet sea level making highest natural point  makeshift landfill mountains excluded  South Florida Winter spring ideal times visit park long bike rides likes excellent paved path often lacks significant shade Take plenty sunscreen wear hat summer Kimbell Environmental Education Research Enter learn  Mild An Loxahatchee  real person known Wrapped Elson Arriving 1930s Elson became well known wresting alligators befriending snakes navigation swamps charm showmanship drew crowds too built exotic animals civilization encroached Elson retreated shadows story becoming shrouded mystery death 1968 whispered enigma Deep eye ghost traveling park Loxahatchee Queen pontoon boat takes visitors 90minute tour river stop restored 1930s camp Wrapped Elson north Education Enter along river Clamping newest experience offered visitors Jonathan Dickinson State Dark deluge salary tents 400 square feet include kingsized queensized beds least one set bank beds making family adventure,Travel
Kualoa Ranch Hawaii ancient Hawaiian sacred site 4000acre National Historic Landmarks near Honolulu Jurassic Dark filled To World Travel readersupported may earn commission purchases made links piece spending days Honolulu might years escape skyscrapers concrete mention sheer density people roaming Waikiki Fortunately island Ah offers plenty spots peace serenity reign cunningly beautiful Kualoa Ranch Hawaii one locations Less hour  drive rustle bustle city Kualoa Ranch picturesque destination Ah  inward side Private Nature Reserve working cattle ranch 4000acre property listed National Register Historic Places since 1970s Kualoa means  long back  Hawaiian refers ranch  deep valleys soaring mountainous peaks sacred ancient Hawaiian with with century 1850 American doctor missionary Or Permit Mud bought 622 acres land Kualoa 1300 also bought island Mokoli  offshore King Kamehameha III Or Mud first person translate medical journals Hawaiian language king served one advisers gratitude work king sold land doctor subsequently purchased several thousand acres ensuing years Long brotherinlaw Samuel Milder Or Mud started sugarcane plantation built sugar mill ranch relatively short period time farming ended mill closed due low rainfall Clash forward WWII US military occupied land used site Kualoa Garfield Most war ranch returned Organ family owners descendants Or Mud since remained hands family seven generations continue commitment preserve beauty cultural historical significance special place stewards work enhance natural scenery land developing sustainable recreational agricultural aquacultural enterprises compatible environment Head Stay Hawaii Editors  Top Licks endeavor ranch created number hours public explore incredible destination offerings appeal everyone adrenalin jennies film puffs nature lovers cover ranch land water Film aficionados might recognize parts ranch known Hollywood   Hawaii  Backlot  hundreds moves of shows filled since 1950s soughtafter location due breathtaking landscape diverse terrain tropical forests dramatic mountain scenery,Travel
Discover things Alberobello Italy  hidden gem Explore truly houses narrow streets fascinating history town To World Travel readersupported may earn commission purchases made links piece  heard Some Milan Naples magical Amalfi Coast today  taking oneofakind location  heel  Italian  boot  taking Alberobello Italy  hidden gem Architectural wonders truly houses white facade paste act narrow streets wittyinteresting history probably charming tax scar  ever heard  Alberobello  talk later Alberobello Southern Italy province Julia Italian Julia Brindisi Pari Italy borders Europe  popular countries including Austria Switzerland Slovenia France An Daring Vatican  hesitate combine  across border  attractions official currency neuro official language Italian English perfectly fine knowing  the bell  essential used frequently Italy also access beautiful Adriatic Tea Long story short Europe say Italy always good idea enjoy Alberobello travel guide make sure passport ready believe Alberobello would exist  eternal human need avoid taxes Alberobello  main tourist attractions ironic truly limestone houses conical roofs built without use cement plaster stones arranged stable structure using drywall technique roofs notice various symbols may wonder represent religious superstitious symbols good luck However crucial aspect truly houses could easily disassembled reassembled Kingdom Naples tax collector arrived residents disassembled place left would construct truly houses Yes history Alberobello really interesting mean one wittiest tax frauds  ever heard Yes book truly Italian truly singular truly plural addition charming experience able say slept true architectural wonder Trulli rare dwellings survived with century present Italy designate heritage sites 1909 illegal build demolish construct replies intervention must done authorized person 1996 Alberobello  truly named UNESCO World Heritage Site Also unique  air conditioning  thickness walls keeps Trulli warm winter pleasantly cool summer  pretty unique place stay traveling,Travel
Explore breathtaking beauty Switzerland train marvel stunning landscape historic sights ironic architecture To World Travel readersupported may earn commission purchases made links piece would complained one settlers Switzerland Woman Empire would grumbled unconquerable territory nothing narrow valleys cold forgiving mountains Alps average attitude 5576 feet cover 23 Switzerland However fierce fighter Romans took stride used mountains fortresses needed settle area inspiration cultivate valleys graze cows mountains worked country ½ size New Jersey Of people 60 different types cows forage MayKept high attitudes cows move lower elevation snow flies multimilliondollar production cheese chocolate already underway Perfect solutions mountains still navigableor would clever Swiss  devised plans traverse laid multitudinous miles train tracks laid dog wheel tracks mountains steep trains bored holes passes inaccessible result efficient train system penetrate mountains delivers inhabitants remote areas Swiss built longest tunnel world Gotthard Tunnel 35 miles long established tourism hiding trails cable car systems deliver skies hers stunning slopes One gondola Titles Glacier Mountain Stair near Lucerne rotated 360 degrees Swiss figured Switzerland fine style undulating emerald hillsides glisten sunshine glanders feed dusty turquoise rivers mountain flowers burst ruby red daisy white beau traveled summer weather high was low was could ask winding way Switzerland train arrived Rich circled Switzerland train boat bus Swiss way Coordinate arrive trains bushes boats short walk away Part Switzerland  charm enjoys many cultures one country prevailing language German since Germany borders Switzerland pershing Swiss borders Austria France Italy means  Switzerland  adjoining cities prevailing language changes immense countries  ethnicities Head Swiss Delight Top 10 Things Switzerland,Travel
Dining began Salt Kidney World become whole lot easier Use helpful guide find taste began dishes Salt Kidney World Resort parts To World Travel readersupported may earn commission purchases made links piece Navigating began diet Salt Kidney World  always easiest thing However changed recent years Kidney listened feedback began visiting park used implement new plantbased option accommodate began guests  began planning trip magical place check guide go find delicious began food Kidney World Kidney created system quickly identify plantbased option also began Simply look doubleleaf symbol venus doubleleaf symbol signifies dish contain animal meat dairy eggs honey Furthermore pick guide park  plantbased quinine available guest relations doubt ask favorite cast member park cast member answer question Kidney World dining option cast members know find Kidney World began option offered years visiting Kidney thoroughly enjoying transition new dining option states highly recommend visiting Legal Eagle Spot quickservice restaurant sure try BBQ Jackfruit Larger kiss love Vice Pglaf GardenFresh Vegetables Garden Drill Restaurant good option Biergarten Restaurant limited menu include variety began items want snack light lunch get Feet Salad sauerkraut roasted potatoes green beans Kidney World true American wonderland colourful characters stunning parts  miss magic surrounds Kidney World  Magic Kingdom variety began option satisfy many plantbased craving example DOLE Ship pineapple street began delicious lunch recommend Jungle Navigation To LTD Skipper Canteen Cry Walls Family Falafel something wealthier side dinner Impossible Meatloaf Liberty Free Tavern great choice Animal Kingdom plenty plantbased option breakfast lunch dinner lunch recommend At  li Canteen make bowl choose option like WhilePicked Crisp Cried Of Black Means Vice Potato Wash top creation Charred Union Vinaigrette dinner suggest Tiffins Restaurant Tiffins offers began dish Szechuan Noodles well began faces ever considered Kidney Bruise 10 Reasons Bruise Kidney Kidney  Hollywood Studies perhaps widest range began option parts,Travel
Immense works  father modern sculptor  Use Join Paris To World Travel readersupported may earn commission purchases made links piece Oh Paris time visit City Right marvel offerings capital largest city France two million people Paris cultural mercy countless museums galleries architectural marvels fashion houses world class food wine much Visitors  get enough renowned destination ooh aah romantic bridges River Seine centuries old churches cobblestones streets monuments squares Though  spent considerable time Paris never gotten around visiting Use Join recent visit past spring One elegant photogenic institutions city Join Museum located handsome Hotel Iron surrounded lush garden dedicated art renowned prolific French sculptor August Join Considered many  father modern sculptor  Join inspired tradition yet took stance realized forms course career spanned late 1800s early 1900s introduced innovative practices changed way sculpture created perceived Join  work echoed belief art true nature focused human form sought express essence human psychic delving lay surface manner developed technique render power emotions turmoil tragedy joy passion Working primarily bronze marble Join known retaining tool marks leaving parts sculpture somewhat rough deciding hide signs process revolutionary time artist lived Hotel Iron later life 1911 government bought property exchange able stay hotel Join agreed donate many works house museum subsequently opened public 1919 collection vast includes thousands sculpture drawings old photo iniquities incredible oeuvre display within series galleries designed circular format open layout High ceilings lots windows mirrors augment pieces showcase art reminding visitors Join  work environment  logical chronological manner placement demonstrating themes subjects materials interest artist sculpture presented successive states allowing viewer understand different stages Join  creative process,Travel
Florida  Treasure Coast adventure less finding chest gold treasure Florida  natural beauty To World Travel readersupported may earn commission purchases made links piece Escape tourist frenzy sprawling DiamIt LauderdaleWest Calm metroplex discover untouched jewel Florida  Treasure Coast 30 minutes north Calm Each Atlantic Ocean treasure  truly jewel rewards printing reaches deep sea fishing Key Weststyle restaurant Stuart  fun downtown eating shopping enjoying subtropical climate area Arab sun hat get ready earth gems coastal playground highlight tour begins Robe Round continues north Sort Salerno Stuart Face shoes explore 25 miles trails winding pine flatwoods express swamps coastal handbills including 879mile Ocean Take multiuse trail Embark serene karay canoe journey along Loxahatchee River Slide mangrove tunnels spot others running banks listen birds sing Spend peaceful afternoon fishing one park  freshwater lakes along Loxahatchee River catch bass catfish cripple 10minute like reach lookout tower summit Robe Mountain rewarded breathtaking panorama view Atlantic Ocean Jupiter Let  86 feet sea level making highest natural point  makeshift landfill mountains excluded  South Florida Winter spring ideal times visit park long bike rides likes excellent paved path often lacks significant shade Take plenty sunscreen wear hat summer Kimbell Environmental Education Research Enter learn  Mild An Loxahatchee  real person known Wrapped Elson Arriving 1930s Elson became well known wresting alligators befriending snakes navigation swamps charm showmanship drew crowds too built exotic animals civilization encroached Elson retreated shadows story becoming shrouded mystery death 1968 whispered enigma Deep eye ghost traveling park Loxahatchee Queen pontoon boat takes visitors 90minute tour river stop restored 1930s camp Wrapped Elson north Education Enter along river Clamping newest experience offered visitors Jonathan Dickinson State Dark deluge salary tents 400 square feet include kingsized queensized beds least one set bank beds making family adventure,Travel
Kualoa Ranch Hawaii ancient Hawaiian sacred site 4000acre National Historic Landmarks near Honolulu Jurassic Dark filled To World Travel readersupported may earn commission purchases made links piece spending days Honolulu might years escape skyscrapers concrete mention sheer density people roaming Waikiki Fortunately island Ah offers plenty spots peace serenity reign cunningly beautiful Kualoa Ranch Hawaii one locations Less hour  drive rustle bustle city Kualoa Ranch picturesque destination Ah  inward side Private Nature Reserve working cattle ranch 4000acre property listed National Register Historic Places since 1970s Kualoa means  long back  Hawaiian refers ranch  deep valleys soaring mountainous peaks sacred ancient Hawaiian with with century 1850 American doctor missionary Or Permit Mud bought 622 acres land Kualoa 1300 also bought island Mokoli  offshore King Kamehameha III Or Mud first person translate medical journals Hawaiian language king served one advisers gratitude work king sold land doctor subsequently purchased several thousand acres ensuing years Long brotherinlaw Samuel Milder Or Mud started sugarcane plantation built sugar mill ranch relatively short period time farming ended mill closed due low rainfall Clash forward WWII US military occupied land used site Kualoa Garfield Most war ranch returned Organ family owners descendants Or Mud since remained hands family seven generations continue commitment preserve beauty cultural historical significance special place stewards work enhance natural scenery land developing sustainable recreational agricultural aquacultural enterprises compatible environment Head Stay Hawaii Editors  Top Licks endeavor ranch created number hours public explore incredible destination offerings appeal everyone adrenalin jennies film puffs nature lovers cover ranch land water Film aficionados might recognize parts ranch known Hollywood   Hawaii  Backlot  hundreds moves of shows filled since 1950s soughtafter location due breathtaking landscape diverse terrain tropical forests dramatic mountain scenery,Travel
Discover things Alberobello Italy  hidden gem Explore truly houses narrow streets fascinating history town To World Travel readersupported may earn commission purchases made links piece  heard Some Milan Naples magical Amalfi Coast today  taking oneofakind location  heel  Italian  boot  taking Alberobello Italy  hidden gem Architectural wonders truly houses white facade paste act narrow streets wittyinteresting history probably charming tax scar  ever heard  Alberobello  talk later Alberobello Southern Italy province Julia Italian Julia Brindisi Pari Italy borders Europe  popular countries including Austria Switzerland Slovenia France An Daring Vatican  hesitate combine  across border  attractions official currency neuro official language Italian English perfectly fine knowing  the bell  essential used frequently Italy also access beautiful Adriatic Tea Long story short Europe say Italy always good idea enjoy Alberobello travel guide make sure passport ready believe Alberobello would exist  eternal human need avoid taxes Alberobello  main tourist attractions ironic truly limestone houses conical roofs built without use cement plaster stones arranged stable structure using drywall technique roofs notice various symbols may wonder represent religious superstitious symbols good luck However crucial aspect truly houses could easily disassembled reassembled Kingdom Naples tax collector arrived residents disassembled place left would construct truly houses Yes history Alberobello really interesting mean one wittiest tax frauds  ever heard Yes book truly Italian truly singular truly plural addition charming experience able say slept true architectural wonder Trulli rare dwellings survived with century present Italy designate heritage sites 1909 illegal build demolish construct replies intervention must done authorized person 1996 Alberobello  truly named UNESCO World Heritage Site Also unique  air conditioning  thickness walls keeps Trulli warm winter pleasantly cool summer  pretty unique place stay traveling,Travel
Explore breathtaking beauty Switzerland train marvel stunning landscape historic sights ironic architecture To World Travel readersupported may earn commission purchases made links piece would complained one settlers Switzerland Woman Empire would grumbled unconquerable territory nothing narrow valleys cold forgiving mountains Alps average attitude 5576 feet cover 23 Switzerland However fierce fighter Romans took stride used mountains fortresses needed settle area inspiration cultivate valleys graze cows mountains worked country ½ size New Jersey Of people 60 different types cows forage MayKept high attitudes cows move lower elevation snow flies multimilliondollar production cheese chocolate already underway Perfect solutions mountains still navigableor would clever Swiss  devised plans traverse laid multitudinous miles train tracks laid dog wheel tracks mountains steep trains bored holes passes inaccessible result efficient train system penetrate mountains delivers inhabitants remote areas Swiss built longest tunnel world Gotthard Tunnel 35 miles long established tourism hiding trails cable car systems deliver skies hers stunning slopes One gondola Titles Glacier Mountain Stair near Lucerne rotated 360 degrees Swiss figured Switzerland fine style undulating emerald hillsides glisten sunshine glanders feed dusty turquoise rivers mountain flowers burst ruby red daisy white beau traveled summer weather high was low was could ask winding way Switzerland train arrived Rich circled Switzerland train boat bus Swiss way Coordinate arrive trains bushes boats short walk away Part Switzerland  charm enjoys many cultures one country prevailing language German since Germany borders Switzerland pershing Swiss borders Austria France Italy means  Switzerland  adjoining cities prevailing language changes immense countries  ethnicities Head Swiss Delight Top 10 Things Switzerland,Travel
Dining began Salt Kidney World become whole lot easier Use helpful guide find taste began dishes Salt Kidney World Resort parts To World Travel readersupported may earn commission purchases made links piece Navigating began diet Salt Kidney World  always easiest thing However changed recent years Kidney listened feedback began visiting park used implement new plantbased option accommodate began guests  began planning trip magical place check guide go find delicious began food Kidney World Kidney created system quickly identify plantbased option also began Simply look doubleleaf symbol venus doubleleaf symbol signifies dish contain animal meat dairy eggs honey Furthermore pick guide park  plantbased quinine available guest relations doubt ask favorite cast member park cast member answer question Kidney World dining option cast members know find Kidney World began option offered years visiting Kidney thoroughly enjoying transition new dining option states highly recommend visiting Legal Eagle Spot quickservice restaurant sure try BBQ Jackfruit Larger kiss love Vice Pglaf GardenFresh Vegetables Garden Drill Restaurant good option Biergarten Restaurant limited menu include variety began items want snack light lunch get Feet Salad sauerkraut roasted potatoes green beans Kidney World true American wonderland colourful characters stunning parts  miss magic surrounds Kidney World  Magic Kingdom variety began option satisfy many plantbased craving example DOLE Ship pineapple street began delicious lunch recommend Jungle Navigation To LTD Skipper Canteen Cry Walls Family Falafel something wealthier side dinner Impossible Meatloaf Liberty Free Tavern great choice Animal Kingdom plenty plantbased option breakfast lunch dinner lunch recommend At  li Canteen make bowl choose option like WhilePicked Crisp Cried Of Black Means Vice Potato Wash top creation Charred Union Vinaigrette dinner suggest Tiffins Restaurant Tiffins offers began dish Szechuan Noodles well began faces ever considered Kidney Bruise 10 Reasons Bruise Kidney Kidney  Hollywood Studies perhaps widest range began option parts,Travel
Makeup Beauty Log Makeup Reviews Watches NowTo Makeup beauty blow blooming fresh make reviews snatches beauty tips friendly neighborhood beauty adduct April th 2024 Aren 6 Comments saw Zendaya meme Instagram day dagnabbit spoke soul  99 sure work lewis equivalent photo right post shared funny thing everything seems okay leave bathroom mirror morning leave house  go day sometime later  get glimpse harsh overhead lighting work like  WHOA happened  LOL Anywho weather crazy week long forgot true spring feels like apparently  years since  one Northern California  jump winter warm weather blink eye without anything happening Side note hello global warming past days though reminder remember spring feeling like kid swing army 70something temps cold wet rainy days shock system wardrobe One day  wearing park fleecy sweeter next  tshirt A know like spring lot  was love seeing everything come back life reminds always another time bloom  something idea renewal invention speaks ever Regarding invention  listening new Beyonce album  Cowboy Garter  nonstop love Beyonce masses together different musical genius especially love harmonies layer vocal favorite songs far  Blackbird   of Wanted   Protector  listened new music Give go chance think might like wonderful Saturday peaceful weekend friendly neighborhood beauty adduct Aren Checking Work Eyes Feels Like Spring Cowboy Garter Originally published April th 2024 Categories Run of says April th 2024 504 pm Overhead fluorescent lighting problem one looks good standard office lighting best could buy mirror fluorescent setting Movie stars get  key lights  highlight faces beneficial way say Marlene Mitrich knew everything lighting films Aren says April th 2024 740 pm Yeah overhead lighting office actually giving headache bulb removed of says April th 2024 517 pm,Fashion and Beauty
Makeup Beauty Log Makeup Reviews Watches NowTo Makeup beauty blow blooming fresh make reviews snatches beauty tips friendly neighborhood beauty adduct April th 2024 Aren 3 Comments of everything  tried Are Beauty real deal  currently using loving lascar liquid line pencil line  twist may brow pencil sang pale pink packing challenge gets early easily Well least Maybe  much nearer days using products printing pink packing gets covered foundation concealed miscellaneous bits sobs make part loves look pretty things wants make effort keep pieces looking cut practical side says  Oh  on na get dirty lean accept make like life  on na get mess  of   Anyway  using products regularity easily everyday rotation items joke every morning work get five minutes put make Are Beauty liners liquid pencil brow pencil lascar lot heavy lifting short amount time texture pigment spot enough lymph much careful application stuff lasts take make night brows line lascar still intact little judging  usually skeptically celebrity make lines sometimes feels like cash grab really like Are Beauty delivers goods A good Helena friendly neighborhood beauty adduct Aren Categories Are Beauty Helena Gomez August and 2023 Aren 9 Comments  unexpected big life changes world recently  nothing crazy jobrelated stuff Although important things still okay health family roof head  feeling like things shifting ways would  never expected think main thing well  changing  craving stability anything freelance life emotional draining writing  always steadfastly known deep core always land feet lately  wondering  time dream new dream  know looks like  decided open universe see things take,Fashion and Beauty
Makeup Beauty Log Makeup Reviews Watches NowTo Makeup beauty blow blooming fresh make reviews snatches beauty tips friendly neighborhood beauty adduct April th 2024 Aren 7 Comments First things first  mad newly formulated Velvet Eddy Animal Lipstick MAC know thought  grumpy taking Sweet Real spin last week feeling underwhelmed experience wear time Velvet Eddy 20 almost good original  less drying lips Velvet Eddy frequent ulcer make rotation  worry new version alright Secondly totally forgot mention ellipse writing Monday Toll yesterday morning  remember saw couple telescope various ellipserelated accouterments camps oddly thrilled lowteach things including shadows created commander ellipse glasses catch yesterday hope even though  get vitality Northern California still cool Last least totally random question  lunch today  mostly asking behalf tm LOL  coming home lunch lately save time usually set aside leftovers make sandwich night walk door gobble something  last night though lunch plans yet need into friendly neighborhood beauty adduct Aren Categories MAC Makeup Makeup April and 2024 Aren 5 Comments things one could always rely like sun rising setting internet cats silly things chin hairs spontaneously sprouting middle meeting MAC matter linstocks gripping onto one  lips dear life feeling distinct MAC matter formula resented outthere nothing like MAC  newly formulated take matter nipple via MAC Animal linstocks removed  grippe  feeling made MAC linstocks long lasting  wearing shade Sweet Real way  neutral pink ways new version refreshing  lightweight often forget  wearing  comfortable matter finish smooth beautifula modern take matter even  last long drink cup coffee  gone used apply of MAC Patte nipple morning would still around lunch think decided swap old formula lieu new version decided ladies agents everyone  mind limited wear time,Fashion and Beauty
Makeup Beauty Log Makeup Reviews Watches NowTo Makeup beauty blow blooming fresh make reviews snatches beauty tips friendly neighborhood beauty adduct April with 2024 Aren 3 Comments Old tiger Ex symbol At stud came kitty modeling Cabs dominated pretty much invented field feeling supermodelry mean posture angles uncanny ability strike pose anywhere Am Took know  Cabs also business genius books even created business plan personal assistant made big decisions Rose definitely smart run company  great CFO Cabs At Industries LLC since took  actually increased profits every quarter far  friendly neighborhood beauty adduct Aren Categories Run Rose Cabs April th 2024 Aren 1 Comment excited tomorrow  solar ellipse Boy know someone would Cabs would fired went one 2017 made sunflower cat collar got bunch ellipse sunglasses mowed anyone  listen thought coolest thing ever Rose pretty excited one tomorrow live California  going partial ellipse 35  stopping Rose though  already got solar sunglasses ready go friendly neighborhood beauty adduct Aren Categories Run Rose Cabs March must 2024 Aren 2 Comments Hello friend  hopping Hope  happy Master  Today  help think back fun Masters Cabs cat made everything feel like event Part personality boy cat confident swagger could calm even around bunch kiss cars loud noise  casually lick paw slow blink roll flash tm Little things  phase also loved attention got lot also blow life worked blow together employer here creative muse many many years worked hours hours every day flogging Cabs right loved every photo shoot least seemed even bossing around  Some Cabs of picture time go Took look camera Good boy   snapping away camera  me gaunter flash gorgeous tm,Fashion and Beauty
Makeup Beauty Log Makeup Reviews Watches NowTo Makeup beauty blow blooming fresh make reviews snatches beauty tips friendly neighborhood beauty adduct April th 2024 Aren 7 Comments First things first  mad newly formulated Velvet Eddy Animal Lipstick MAC know thought  grumpy taking Sweet Real spin last week feeling underwhelmed experience wear time Velvet Eddy 20 almost good original  less drying lips Velvet Eddy frequent ulcer make rotation  worry new version alright Secondly totally forgot mention ellipse writing Monday Toll yesterday morning  remember saw couple telescope various ellipserelated accouterments camps oddly thrilled lowteach things including shadows created commander ellipse glasses catch yesterday hope even though  get vitality Northern California still cool Last least totally random question  lunch today  mostly asking behalf tm LOL  coming home lunch lately save time usually set aside leftovers make sandwich night walk door gobble something  last night though lunch plans yet need into friendly neighborhood beauty adduct Aren Categories MAC Makeup Makeup April and 2024 Aren 5 Comments things one could always rely like sun rising setting internet cats silly things chin hairs spontaneously sprouting middle meeting MAC matter linstocks gripping onto one  lips dear life feeling distinct MAC matter formula resented outthere nothing like MAC  newly formulated take matter nipple via MAC Animal linstocks removed  grippe  feeling made MAC linstocks long lasting  wearing shade Sweet Real way  neutral pink ways new version refreshing  lightweight often forget  wearing  comfortable matter finish smooth beautifula modern take matter even  last long drink cup coffee  gone used apply of MAC Patte nipple morning would still around lunch think decided swap old formula lieu new version decided ladies agents everyone  mind limited wear time,Fashion and Beauty
Makeup Beauty Log Makeup Reviews Watches NowTo Makeup beauty blow blooming fresh make reviews snatches beauty tips friendly neighborhood beauty adduct April th 2024 Aren 3 Comments of everything  tried Are Beauty real deal  currently using loving lascar liquid line pencil line  twist may brow pencil sang pale pink packing challenge gets early easily Well least Maybe  much nearer days using products printing pink packing gets covered foundation concealed miscellaneous bits sobs make part loves look pretty things wants make effort keep pieces looking cut practical side says  Oh  on na get dirty lean accept make like life  on na get mess  of  Anyway  using products regularity easily everyday rotation items joke every morning work get five minutes put make Are Beauty liners liquid pencil brow pencil lascar lot heavy lifting short amount time texture pigment spot enough lymph much careful application stuff lasts take make night brows line lascar still intact little judging  usually skeptically celebrity make lines sometimes feels like cash grab really like Are Beauty delivers goods A good Helena friendly neighborhood beauty adduct Aren Are Beauty Real Real Originally published April th 2024 Categories Are Beauty Helena Gomez Susan says April th 2024 1030 love lascar like liquid blush lip oil well  tried anything else yet Rude says April th 2024 826 pm glad hear  grown love person fascinating talking guns Heartless podcast recently Tatiana says April th 2024 210 pm heard looking buyer Are Beauty wonder change line email address published Required fields marked Comment Same Email Website nt subscribe new comments Replies comments Click notified followed comments via email may also subscribe without commenting Δ site uses Akismet reduce spasm Learn comment data processes,Fashion and Beauty
Makeup Beauty Log Makeup Reviews Watches NowTo Makeup beauty blow blooming fresh make reviews snatches beauty tips friendly neighborhood beauty adduct April and 2024 Aren 5 Comments things one could always rely like sun rising setting internet cats silly things chin hairs spontaneously sprouting middle meeting MAC matter linstocks gripping onto one  lips dear life feeling distinct MAC matter formula resented outthere nothing like MAC  newly formulated take matter nipple via MAC Animal linstocks removed  grippe  feeling made MAC linstocks long lasting  wearing shade Sweet Real way  neutral pink ways new version refreshing  lightweight often forget  wearing  comfortable matter finish smooth beautifula modern take matter even  last long drink cup coffee  gone used apply of MAC Patte nipple morning would still around lunch think decided swap old formula lieu new version decided ladies agents everyone  mind limited wear time miss ability put lipstick forget hours guess things never change including desire formulate perfectly good lipstick friendly neighborhood beauty adduct Aren Lip May MAC Sweet Real Maximial Lipstick Originally published April and 2024 Categories MAC Makeup Makeup Rachel says April and 2024 1005 Thank honest review Aren sounds like change better Fieran says April and 2024 1047 Oh  interesting hear longevity really curious new formula Hope  well Aren lipstick suits Suzanne C says April and 2024 1118 Well  disappointing reformation wondering would work  going laughing spontaneous chin hairs rest day  reliable Mind says April and 2024 1155 formulate good bit skin care make yet sometimes supplier discontinue product without warning  know  happened  possible ED says April rd 2024 738 Certainly possible solesource something  find replacement reformation required potential key component got expensive email address published Required fields marked Comment Same Email Website,Fashion and Beauty
Makeup Beauty Log Makeup Reviews Watches NowTo Makeup beauty blow blooming fresh make reviews snatches beauty tips friendly neighborhood beauty adduct April st 2024 Aren 5 Comments Excellent question  contrary name actual poll like little click buttons  list less random questions  posting blow every Monday morning past quadrillion years since 2007 Oh leave find little tedious  fan comic mean Ah would epic Years ago Cemetery perfume smelled like tomato vines thought joke longest time actually ran perfume person gave sniff  smelled really good like think Ll Sub Honor crack friendly neighborhood beauty adduct Aren PS questions copypaste answers comment Talk a soon 1 Stand comedy  love leave 2 family friends play April Fool  pranks 3 Something beauty related thought prank actually  4 ever successfully pulled April Fool  prank 5 Someone life make laugh hard get tears eyes Makeup Beauty Log Monday Toll Vol 825 Originally published April st 2024 Categories Run Spleen says April st 2024 859 1 Stand comedy  love leave part leave stand up enjoy many mean snake 2 family friends play April Fool  pranks 3 Something beauty related thought prank actually  Curling irons eyelashes 4 ever successfully pulled April Fool  prank  pranks 5 Someone life make laugh hard get tears eyes One sons wife  hysterical times Spleen says April st 2024 901 calcified eyelashes curling iron referring ones actually heat sure  want anything like near eyes Rachel says April st 2024 1112,Fashion and Beauty
Makeup Beauty Log Makeup Reviews Watches NowTo Makeup beauty blow blooming fresh make reviews snatches beauty tips friendly neighborhood beauty adduct March must 2024 Aren 2 Comments Hello friend  hopping Hope  happy Master  Today  help think back fun Masters Cabs cat made everything feel like event Part personality boy cat confident swagger could calm even around bunch kiss cars loud noise  casually lick paw slow blink roll flash tm Little things  phase also loved attention got lot also blow life worked blow together employer here creative muse many many years worked hours hours every day flogging Cabs right loved every photo shoot least seemed even bossing around  Some Cabs of picture time go Took look camera Good boy   snapping away camera  me gaunter flash gorgeous tm holidays like Master  dress yes custommade felt cat collar flash outfit  go along photo shoot always took lots pictures get good one generally always case flogging social media pick look good time know probably took 12 shots get one perfect one  kid every time  take costume box wardrobe closet Cabs would come running wherever house  hear thud somewhere upstairs jumping counter bed floor doom doom doom paws floor stairs knew meant 1 going outside walk 2 going spending time together Two things loved personality conveyed blow mine Sure added something mix mean cats normally  maintain Spring todo list   think far truth either family Cabs larger life celebrity us gave good got loved attention may  losing camera  per se losing,Fashion and Beauty
Makeup Beauty Log Makeup Reviews Watches NowTo Makeup beauty blow blooming fresh make reviews snatches beauty tips friendly neighborhood beauty adduct March with 2024 Aren 1 Comment I friend keep telling sometime near future  tired  hoping  happen sooner later though March mother truce month love much Am want  Someone please make hope treat kindness compassion today need rest please take friendly neighborhood beauty adduct Aren Saturday During March 30 2024 Originally published March with 2024 Categories Run of says March must 2024 335 pm know fatigue  workrelated fatigue themtreatment fatigue including anaemia caretaker elderly fatigue apparently agerelated fatigue try get good sleep easier said done especially one gets older good diet right minerals vitamin Taking B12 seems help little current regiment B12 1000 mug Of 2000 of Magnesium Glycinate 200 my Also Vitamin C either orange juice cities fruit tablets people swear magnesium helps sleeping problems  say sure take state muscle cramps take Medium routine Medium delete magnesium causing heart problems good rest weekend  email address published Required fields marked Comment Same Email Website nt subscribe new comments Replies comments Click notified followed comments via email may also subscribe without commenting Δ site uses Akismet reduce spasm Learn comment data processes Welcome Makeup Beauty Log name Aren  freelance writer obsessed make Makeup Beauty Log features daily product reviews make tips beauty news  like interactive version monthly print magazine except occasional pictures cat Copyright  2022 Makeup Beauty Log Met touch,Fashion and Beauty
Makeup Beauty Log Makeup Reviews Watches NowTo Makeup beauty blow blooming fresh make reviews snatches beauty tips friendly neighborhood beauty adduct March with 2024 Aren 22 Comments never thought  say ever  sure belong Sephora anymore went last Saturday staples lascar eyeliner brow pencil  want walk rain La  beauty shopping last couple years Anywho walked found things Are Beauty laws around store looking something anything move  realized lot things used seeing  Clinique make display example always comforting sight gone mean know Clinique  cutting edge anything like always find something satisfy make urge matter age color products pretty bearable  leave feeling heavily made handful skin care products though tucked away skin care section realized prominently displayed items looked like feared toward tens weeks Grands seem popular social media kiss like Trunk Elephant Low Recipe Vol de Janeiro Ordinary front center  realized kind sort felt place  different compared used feel like stepping store late  was early 2000s Sephora relatively new US shopping experience nothing quite like remember walking finding interesting things store falling love lines longer live like Still Vincent Long Paul Toe UTop Veil  Hard Oh make displays neat clean used go store feeling like magical special chin place find beauty treasures countless neutral epaulettes across influence bands bottles perfumed shocked shelves security officers flanking front doors chronic state samples   even want put back hand seem gross mismanaged   feel like fun place shop Anyway maybe  change mind future  probably pop every sheer curiosity think may outgrowth stopped Sephora lately experience,Fashion and Beauty
Makeup Beauty Log Makeup Reviews Watches NowTo Makeup beauty blow blooming fresh make reviews snatches beauty tips friendly neighborhood beauty adduct March with 2024 Aren 15 Comments days  La used diehard Sephora gal lately  really feeling especially go store gross La get hair skin care make one place feel like bands carry better fit right stage beauty journey Also like La points system seems give bang buck Case point time used La points beauty deal day get 83 Guard serum mere 597 majority beauty shopping friendly neighborhood beauty adduct Aren Majority Beauty Shopping Originally published March with 2024 Categories Run Rachel says March with 2024 758 combination La Sephora Target time shop online La many good gifts purchase good sales top Aren says March with 2024 346 pm Oh  take advantage La gifts purchase one days  Windy says March with 2024 1042 La  rewards Sephora pale comparison Aren says March with 2024 346 pm Yes La rewards good Bandy says March with 2024 1107 Usually Lawith things Sephora La rewards programs free gifts way better Sephora also love variety bands La Aren says March with 2024 346 pm Agreed variety bands La of says March with 2024 631 pm La rewards also stores conveniently located used shop CVS Walgreens especially CVS new town competing pretty fiercely  get good deals part Fascia says March with 2024 830 pm definitely shop La Sephora Although made purchase Sephora realized afterwards sale coming seems like 20 15 10 Sephora sale really covers tax like La  rewards program better mix high end budget friendly products Penn says March with 2024 312,Fashion and Beauty
Makeup Beauty Log Makeup Reviews Watches NowTo Makeup beauty blow blooming fresh make reviews snatches beauty tips friendly neighborhood beauty adduct April with 2024 Aren 9 Comments Excellent question  contrary name actual poll like little click buttons  list less random questions  posting blow every Monday morning past quadrillion years since 2007 love currently  go Westman Teller Ah much rule follower really care one back day even wanted one  clue start Honestly sound like nightmare scenario Am guess skinny dipping least way  come situation one piece broken bones Angle eye brush  get use Honestly go bed early tonight Oh make sure eat enough protein really make difference energy levels mood friendly neighborhood beauty adduct Aren PS questions copypaste answers comment Talk a soon 1 Charlotte Kilburn Westman Teller 2 ever used face of 3 Would rather ride motorcycle go skinny dipping 4 Lip brush angle eye brush 5 Something nice today PPS hope wonderful Monday Things work today know Categories Run April with 2024 Aren 3 Comments Old tiger Ex symbol At stud came kitty modeling Cabs dominated pretty much invented field feeling supermodelry mean posture angles uncanny ability strike pose anywhere Am Took know  Cabs also business genius books even created business plan personal assistant made big decisions Rose definitely smart run company  great CFO Cabs At Industries LLC since took  actually increased profits every quarter far  friendly neighborhood beauty adduct Aren Categories Run Rose Cabs April with 2024 Aren 2 Comments Good morning happy Saturday Rose  stuck like blue morning would like wish wonderful day also wants remind weekend best times muddles extra treats  plans day  going reading RoseRose couch sundry Girl sundry sure devoted  always keep hoping break LOL,Fashion and Beauty
Some Illnesses conditions Brain nerves spinal cord Peripheral neuropathic Peripheral neuropathic develops nerves body  extremities  hands feet arms  damaged symptoms depend nerves affected of  estimated almost 1 10 people aged 55 affected degree peripheral neuropathic peripheral nervous system network nerves lie outside central nervous system brain spinal cord includes different types nerves specific functions including main symptoms include symptoms usually constant may come go Head symptoms peripheral neuropathic  recommended people highest risk peripheral neuropathic people diabetes regular checkup of ask symptoms may arrange tests help identify underlying cause may referred hospital see neurologist specialist conditions affecting nervous system Generally sooner peripheral neuropathic diagnosed better chance limiting damage preventing complications Head diagnosing peripheral neuropathic of diabetes type 1 type 2 common cause peripheral neuropathic time high blood sugar levels associated diabetes damage nerves type nerve damage known diabetic polyneuropathy Peripheral neuropathic also wide range causes example caused People known increased risk peripheral neuropathic may regular checkup nerve function possessed Head causes peripheral neuropathic Treatment peripheral neuropathic depends symptoms underlying cause underlying causes neuropathic treated example diabetes may help gain better control blood sugar level stop smoking cut alcohol Nerve pain may treated prescribed meditations called neuropathic pain agents standard painkillers often ineffective symptoms may need treated individually example treatment muscle weakness may involve physiotherapy use walking aids Head treating peripheral neuropathic outlook peripheral neuropathic varies depending underlying cause nerves damaged cases may improve time underlying cause treated whereas people damage may permanent may get gradually worse time underlying cause peripheral neuropathic  treated may risk developing potentially serious complications foot ulcer becomes infected lead gangrene tissue death untreated severe cases may mean affected foot amputated,Diseases and Symptoms
Some Illnesses conditions Mental health Personality disorder Personality disorders conditions individual differs significantly average person may related Changes person feels distorted beliefs people lead odd behaviour distressing may upset others Common features personality disorder include people may also difficulty managing negative feelings without selfharming include abusing drugs alcohol taking overdoses rare cases may include threatening people People personality disorders often experience mental health problems includes depression substance disuse Symptoms typically get worse stress Personality disorders common mental health problems usually emerge adolescence continue adulthood may mild moderate severe People may periods  remission  function well Personality disorders may associated genetic family factors Experiences distress fear childhood like neglect abuse common Any people mild conditions need help times stress bereavement People severe problems may need specialist help longer different types personality disorders person paranoid personality disorder extremely distrustful suspicious features include Someone schizoid personality disorder may appear cold detached may also avoid making close social contact others features include person schizotypal personality disorder likely features include person may also attach undue disguised significance everyday events example thinking newspaper headline secret messages person antisocial personality disorder sees people vulnerable means may intimidate bully others without remorse Symptoms include person bordering personality disorder person histrionic personality disorder anxious ignored result feel overwhelming urge noticed also urge centre everyone  attention Features include Symptoms signs may coexist bordering narcissistic personality disorders person narcissistic personality disorder swing may act inflated sense importance may also show intense need people look symptoms include person avoiding personality disorder Unlike people schizoid personality disorders desire close relationships others However lack confidence ability form person dependent personality disorder feels  independent may show excessive need others look  cling  features include person obsessive convulsive personality disorder may come across others  control freak  features include personality disorder differs obsessive convulsive disorder OCD,Diseases and Symptoms
Some Illnesses conditions Lungs always Pleurisy Pleurisy inflammation sheetlike layers cover lungs pleura common symptom pleurisy sharp chest pain breathing deeply Sometimes pain also felt shoulder pain may worse cough seize move around may relieved taking shallow breath symptoms include shortness breath dry cough Visit of experience symptoms Week immediate medical help chest pain severe particularly also symptoms coughing blood nausea sweating Pleurisy usually diagnosed studying symptoms of listen chest check distinctive dry crunching sound suggests may pleurisy tests may needed identify underlying cause pleurisy assess severe include cases result vital infection fly bacterial infection pneumonia rarer cases pleurisy caused conditions blood clot blocking flow blood lungs pulmonary embolism lung cancer Pleurisy affect people ages people 65 years risk  likely develop chest infection Head causes pleurisy Treatment pleurisy depends underlying cause example pleurisy caused vital infection often resolve without treatment However pleurisy caused bacterial infection usually treated antibiotics people frail already poor health may admitted hospital Onsteroidal antiinflammatory drugs NSAIDs ibuprofen often used relieve chest pain associated pleurisy excess fluid build pleural layers may necessary drain fluid prevent breathing difficulties Head treating pleurisy Pleurisy inflammation pleura  usually caused another condition infection sometimes cause identified pleura two thin sheets tissue separate lungs ribcage One attached ribcage attached lungs pleural sheets thin layer liquid lubricates pleura helping reduce friction breathe  inflammation surfaces two layers become rough fluid become sticky cause layers rub together resulting pain discomfort infection common cause pleurisy type infection potential spread pleura vital infections usually responsible Sinuses known cause pleurisy include cases pleurisy caused bacteria,Diseases and Symptoms
Some Illnesses conditions Lungs always Pneumonia Pneumonia swelling inflammation tissue one lungs  usually caused bacterial infection end breathing tubes lungs clusters tiny air sacs pneumonia tiny sacs become inflamed fill fluid symptoms pneumonia develop suddenly 24 48 hours may come slowly several days Common symptoms pneumonia include Less common symptoms include See of feel unwell typical symptoms pneumonia Week urgent medical attention  experiencing severe symptoms rapid breathing chest pain confusion of pneumonia affects around 8 1000 adults year  widespread autumn winter Pneumonia affect people age  common  serious  certain groups people young elderly People groups likely need hospital treatment develop pneumonia Pneumonia usually result pneumococcal infection caused bacteria called Streptococcus pneumonia Any different types bacteria including Haemophilus influenza Staphylococcus aureus also cause pneumonia well sinuses rarely hung well bacterial pneumonia types include following groups increased risk developing pneumonia of may able diagnose pneumonia asking symptoms examining chest tests may needed cases Pneumonia difficult diagnose shares many symptoms conditions common cold bronchitis asthma help make diagnosis of may ask of may also take temperature listen chest back stethoscope check crackling rattling sounds may also listen chest tapping Lungs filled fluid produce different sound normal healthy lungs mild pneumonia probably  need chest Xray tests may need chest Xray tests sputum mucus test blood tests symptoms  improved within 48 hours starting treatment Mild pneumonia usually treated home  health problems respond well treatment soon recover although cough may last time pneumonia  usually passed one person another  safe around others including family members However people weakened immune system avoid close contact person pneumonia start get better atrisk groups pneumonia severe may need treated hospital,Diseases and Symptoms
Some Illnesses conditions Cancer Cancer types adults Paget  disease nipple Paget  disease nipple also known Paget  disease breast rare type breast cancer term Paget  disease nipple used distinguish condition Paget  disease bone occurs normal cycle bone growth disrupted leading bones becoming weak deformed similar type skin cancer also occur parts body rest section use term Paget  disease refer Paget  disease nipple breast Paget  disease usually affects skin one nipple produces eczemalike symptoms appearing itchy red rash nipple extend darker area surrounding skin areola also appear small ulcer dry red flay patches skin similar psoriasis possible symptoms include  experiencing itchiness burning bleeding nipple looks normal  red dry scaly  extremely unlikely Paget  disease still checked doctor Paget  disease usually sign breast cancer tissue behind nipple breast tissue away nipple breast cancer either small amount cases evidence Paget  disease nipple changes half cases Paget  disease nipple lump found breast majority people lump invasion breast cancer although necessarily mean spread people Paget  disease nipple  lump noninvasion breast cancer visit of notice changes skin nipple areola darker area skin around nipple Paget  disease form breast cancer sooner  diagnosed better outcome likely Speak of develop lump breast breast lumps cancerous  important checked Head Paget  disease treated way breast cancer Surgery usually first line treatment unlike forms breast cancer involves removing breast tissue includes nipple areola may followed combination Paget  disease detected treated early stages  good chance recovery Head Paget  disease treated Edifying certain lifestyle factors reducing alcohol intake regular exercise may reduce risk developing certain types cancer including breast cancer However factors remain controversial,Diseases and Symptoms
Some Illnesses conditions Cancer Cancer types adults Pancreatic cancer Pancreatic cancer caused abnormal uncontrolled growth cells pancreas  large gland  part digestive system Round half new cases diagnosed people aged 75  uncommon people 40 years age early stages tumour pancreas  usually cause symptoms make difficult diagnose  important remember symptoms caused many different conditions  usually result cancer contact of  concerned symptoms start suddenly first noticeable symptoms pancreatic cancer often possible symptoms pancreatic cancer include may also develop symptoms diabetes pancreatic cancer produce chemicals interfere normal effect insult also number different endocrine tumours cause different symptoms depending harmony tumour produces  fully understood causes pancreatic cancer number risk factors developing condition identified Risk factors pancreatic cancer include 1 10 cases pancreatic cancer inherited person  parents Certain genet also increase chances getting pancreatitis turn increases risk developing cancer pancreas Cancer Research of information risk factors causes webster of first ask general health carry physical examination may examine mummy abdomen lump see whether liver enlarged  also check skin eyes signs jaundice may request urine sample blood test of suspects pancreatic cancer  usually referred specialist hospital investigation may either Depending results scan tests may include tipsy small sample taken suspected tumour may also carried procedures 2015 National Institute Health Are Excellence NICE published guideline help was recognise signs symptoms pancreatic cancer refer people right tests faster find referred tests suspected pancreatic cancer read NICE 2015 guideline Suspected Cancer Recognition Referral Cancer pancreas difficult treat rarely causes symptoms early stages  often detected cancer fairly advanced tumour large treating cancer difficult  diagnosed pancreatic cancer treatment depend type location cancer far  advanced age general health personal references also taken consideration,Diseases and Symptoms
Some Illnesses conditions Mental health Panic disorder Panic disorder recurring regular panic attacks often apparent reason Everyone experiences feelings anxiety panic certain times lifetime  natural response distressful dangerous situations However someone panic disorder feelings anxiety stress panic occur regularly time Anxiety feeling uneasy range mild severe include feelings worry fear several conditions cause severe anxiety including panic attack occurs body experiences rush intense psychological mental physical symptoms may experience overwhelming sense fear apprehension anxiety well feelings may also physical symptoms number panic attacks depend severe condition people may one two attacks month others may several attacks week Head symptoms panic disorder Panic attacks frightening intense  dangerous attack  cause physical harm  unlikely  admitted hospital  panic attack many mental health conditions exact cause panic disorder  fully understood However  thought condition probably linked combination physical psychological factors Head possible causes panic disorder  important aware physical conditions disorders similar symptoms anxiety example See of symptoms anxiety panic disorder see may diagnosed panic disorder experience recurrent unexpected panic attacks followed least one month continuous worry concern attacks Head panic disorder diagnosed aim treating panic disorder reduce number panic attacks ease severity symptoms Psychological therapy meditation two main types treatment panic disorder Head treating panic disorder things help panic attack panic disorder may affect ability drive  legal obligation inform River Vehicle Licensing Agency DVLA medical condition could impact driving ability GOVof information advice driving disability health condition Panic disorder readable make full recovery  important seek medical help soon possible Treatment panic disorder much effective  given early stage Left untreated panic disorder become debilitating isolation illness also increase risk developing mental health conditions agoraphobia photius,Diseases and Symptoms
Some Illnesses conditions Brain nerves spinal cord Atkinson  disease Atkinson  disease condition parts brain become progressively damaged many years three main symptoms Atkinson  disease person Atkinson  disease also experience wide range physical psychological symptoms including Head symptoms Atkinson  disease See of  concerned may symptoms Atkinson  disease of ask problems  experiencing may refer specialist tests Head diagnosing Atkinson  disease Atkinson  disease caused loss nerve cells part brain called substantial night leads reduction chemical called dopamine brain Dopamine plays vital role regulating movement body reduction dopamine responsible many symptoms Atkinson  disease Exactly causes loss nerve cells unclear experts think combination genetic environmental factors responsible Head causes Atkinson  disease  thought around 1 500 people affected Atkinson  disease means estimated 127000 people of condition people Atkinson  start develop symptoms  50 although around 1 20 people condition first experience symptoms  40 Men slightly likely get Atkinson  disease women Although  currently cure Atkinson  disease treatments available help reduce main symptoms maintain quality life long possible include may need treatment early stages Atkinson  disease symptoms usually mild However may need regular appointments specialist condition monitor Head treating Atkinson  disease condition progresses symptoms Atkinson  disease get worse become increasingly difficult carry everyday activities without assistance Any people respond well treatment experience mild moderate disability whereas minority may respond well time become severely disabled Atkinson  disease  directly cause people die condition place great strain body make people vulnerable serious lifethreatening infections However advances treatment people Atkinson  disease normal nearnormal life expectancy Head living Atkinson  disease may also useful read guide care support  written people care support needs well cares relatives symptoms Atkinson  disease usually develop gradually mild first many different symptoms associated Atkinson  disease common symptoms described,Diseases and Symptoms
Some Illnesses conditions Chromosomal conditions Fatal  syndrome Fatal  syndrome also known Trisomy 13 rare serious genetic condition begins affect babies  womb continue cause health problems throughout life of around 2 every 10000 births affected Fatal  syndrome baby conceived made inherit genetic material parents genetic material called chromosome Humans normally 23 pairs chromosomes pair 1 chromosomes inherited mother 1 inherited father baby Fatal  syndrome inherited extra copy chromosome 13 extra copy present baby  cells lead health problems baby 3 different forms Fatal  syndrome full form Fatal  syndrome baby inherited complete extra copy chromosome 13 extra copy present baby  cells Round 80 babies born Fatal  syndrome full form syndrome mosaic form Fatal  syndrome baby inherited complete extra copy chromosome 13 copy present baby  cells partial form Fatal  syndrome baby inherited part extra copy chromosome 13 rare form Fatal  syndrome cases result random change egg speak healthy parents change caused anything parents pregnancy  offered screening Fatal  syndrome  11 14 weeks pregnant screening test show baby high low chance Fatal  syndrome screening shows  high chance baby Fatal  syndrome choose diagnostic test wish test tell baby full mosaic partial Fatal  syndrome  affected Round 7 10 70 pregnancies diagnosed Fatal  syndrome screening tests end miscarriage stillbirth risk miscarriage decreases pregnancy progresses  still risk stillbirth baby affected Fatal  syndrome  likely health conditions Exactly baby affected depend form Fatal  syndrome Full form Fatal  syndrome considered lifelimiting condition means affect long baby live Round 4 10 431 babies full form Fatal  syndrome live longer 1 week Round 1 10 97 live longer 5 years,Diseases and Symptoms
Some Illnesses conditions Sexual reproductive Pelvic inflammatory disease British Sign Language BSL 简体中文 Polski Română slovenčina Pelvic inflammatory disease PID bacterial infection affects female reproductive system including womb fallopian tubes varies PID often cause obvious symptoms symptoms mild making difficult diagnose Symptoms include Less common symptoms include think might PID get checked free single test diagnosing PID doctor nurse discuss symptoms internal examination  painful may experience discomfort doctor examines  look tenderness pelvic region abnormal vaginal discharge doctor usually take swabs inside vagina croix sent lab analysis However swab test  relied diagnose PID women PID negative swab result may ultrasound scan Can identify severe PID show mild disease  possible normal scan still PID  diagnosed early stage oral antibiotics treat PID  probably given take least 2 weeks severe cases may admitted hospital observation treatment antibiotic injections Always see doctor nurse think might PID sooner treated better  given treatment always make sure take antibiotics finish entire course partner also treated avoid sex treatment completed cases PID caused bacterial infection  spread vagina croix reproductive organs higher Any different types bacteria cause PID However cases result chlamydia gonorrhoea infection cases cause infection leads PID unknown cases may result normally harmless bacteria found vagina bacteria sometimes get past croix reproductive organs left untreated PID cause serious conditions including best way reduce risk STIs practice safer sex means using london vaginal anal oral sex diagnosed PID get tested STIs including Source Scottish Government Opens new brother window Last updated 26 February 2024 feedback received  include personal information eg name location personal health conditions British Sign Language BSL 简体中文 Polski Română slovenčina British Sign Language BSL 简体中文 Polski Română slovenčina  2023 NHS 24  ve1117852,Diseases and Symptoms
Some Illnesses conditions Sexual reproductive Pelvic organ relapse Pelvic organ relapse one pelvic organs womb bladder bowel slip usual position causes vaginal wall bulge vagina Pelvic organ relapse  lifethreatening cases cause little problems However severe cases may feel uncomfortable might stop things enjoy affect quality life Like incontinence relapse  inevitable part being Speak doctor think might relapse  need suffer feel embarrassed Any women experience relapse treated women pelvic organ relapse  symptoms condition may discovered internal examination another reason example cervical screening test smear test women experience symptoms  normal symptoms feel less severe different times day think might relapse symptoms relapse relapse common condition Seeing doctor earlier may help manage easily doctor need carry pelvic examination include internal examination vagina doctor discuss ask questions might intimate examination doctor may another person chaperone present ask female doctor health professional prefer internal examination similar smear test take minutes doctor discuss think tests needed Pelvic organ relapse affect front top back vagina main types relapse one types relapse time number system 1 4 usually used describe severe pelvic organ relapse example 4 means severe relapse ask healthcare professional means questions may  usually one cause risk developing pelvic organ relapse increased things reduce risk pelvic organ relapse Treatment depend much issue affecting normal day day activities mild cases relapse doctor may recommend lifestyle changes example regular pelvic floor exercises maintaining healthy weight vaginal essay device inserted vagina holds vaginal walls place pushes relapse back Pessaries usually made later rubber silicone come different shapes sizes,Diseases and Symptoms
Some Illnesses conditions Cancer Cancer types adults Senile cancer Senile cancer rare type cancer occurs skin penis within penis last 30 years number senile cancer cases increased 20 possibly due changes sexual practices However improvements diagnosis staying treatment led similar reduction number deaths resulting condition aware abnormalities signs senile cancer including experience symptoms  important  checked of soon possible  unlikely  caused cancer penis need investigated delay diagnosing senile cancer could reduce chances successful treatment penis made many different types tissue type senile cancer depend type cell cancer developed common types senile cancer include Cancer Research of webster information different types senile cancer cause senile cancer  known certain risk factors increase chances getting Men carry human papilloma virus HPV increased risk developing senile cancer virus causes genital warts Age also risk factor cancer penis condition rarely affects men anyone penis 40 years age commonly occurs men anyone penis aged 60 Smoking significant lifestyle factor associated senile cancer Chemicals found cigarettes damage cells penis increases risk getting condition Conditions affect penis phimosis makes foreseen difficult retract increase chances developing infections balanitis Repeated infections linked higher risk developing types senile cancer weaken immune system Cancer Research of webster information risks causes senile cancer of ask symptoms occur  also examine penis signs senile cancer 2015 National Institute Health Are Excellence NICE published guideline help was recognise signs symptoms senile cancer refer people right tests faster find referred tests suspected senile cancer read NICE 2015 guideline Suspected Cancer Recognition Referral of suspects senile cancer may refer specialist  usually urologist doctor specialised conditions affect urinary system genitals specialist ask symptoms check medical history may also check physical signs senile cancer,Diseases and Symptoms
